frame,time_sec,face_detected,left_iris_center_x_px,left_iris_center_y_px,right_iris_center_x_px,right_iris_center_y_px,iris_center_x_px,iris_center_y_px,left_iris_x_norm,left_iris_y_norm,right_iris_x_norm,right_iris_y_norm,iris_x_norm,iris_y_norm
2985,99.5,1,653.546581,319.714792,557.288065,319.562502,605.417323,319.638647,3.006528,0.795976,-1.689067,1.527909,0.658731,1.161942
2986,99.533333,1,654.262581,319.568698,557.472687,319.221293,605.867634,319.394995,3.036651,0.828462,-1.689424,1.531601,0.673613,1.180031
2987,99.566667,1,654.190826,319.678872,557.788544,319.11526,605.989685,319.397066,2.980641,0.798228,-1.699958,1.537625,0.640341,1.167927
2988,99.6,1,654.375954,319.559798,557.90225,318.917382,606.139102,319.23859,2.990307,0.872754,-1.699799,1.442654,0.645254,1.157704
2989,99.633333,1,654.436226,319.532939,557.990952,318.924506,606.213589,319.228722,2.947508,0.955707,-1.705707,1.459921,0.6209,1.207814
2990,99.666667,1,654.605312,319.884855,558.285408,318.891521,606.44536,319.388188,2.938257,1.004478,-1.697713,1.440496,0.620272,1.222487
2991,99.7,1,654.904861,320.672405,559.000521,320.014116,606.952691,320.343261,2.908125,1.040335,-1.670464,1.899739,0.61883,1.470037
2992,99.733333,1,651.254063,325.881518,561.074028,323.442693,606.164045,324.662105,2.841004,1.930586,-1.58975,35.506164,0.625627,18.718375
2993,99.766667,1,653.362446,324.276296,561.487703,322.540172,607.425075,323.408234,2.88372,1.651623,-1.652513,9.897242,0.615604,5.774433
2994,99.8,1,657.183418,322.480541,562.192583,321.161104,609.688001,321.820823,2.916932,1.108188,-1.762682,2.163608,0.577125,1.635898
2995,99.833333,1,658.847332,321.314419,562.691145,320.321444,610.769238,320.817931,2.874496,1.261856,-1.778224,1.643863,0.548136,1.45286
2996,99.866667,1,660.860958,321.352356,564.24015,319.246404,612.550554,320.29938,2.872294,1.430384,-1.813891,1.62166,0.529202,1.526022
2997,99.9,1,663.021832,321.489497,565.553665,318.723673,614.287748,320.106585,2.852549,1.320306,-1.845933,1.485149,0.503308,1.402727
2998,99.933333,1,664.671555,321.617417,566.817713,317.999219,615.744634,319.808318,2.852389,1.323312,-1.856252,1.443687,0.498069,1.383499
2999,99.966667,1,666.059093,321.744307,568.434496,317.309269,617.246795,319.526788,2.835564,1.32942,-1.872798,1.404709,0.481383,1.367065
3000,100.0,1,667.161713,321.831254,569.35442,317.190893,618.258066,319.511073,2.82164,1.421753,-1.876347,1.403389,0.472647,1.412571
3001,100.033333,1,667.795391,322.501554,570.211992,317.251468,619.003692,319.876511,2.797765,1.551541,-1.867766,1.495926,0.464999,1.523734
3002,100.066667,1,668.044491,322.514724,570.631275,316.874365,619.337883,319.694544,2.762668,1.533479,-1.892286,1.601498,0.435191,1.567489
3003,100.1,1,668.103142,321.916736,570.497341,316.368318,619.300241,319.142527,2.780495,1.553651,-1.87778,1.651058,0.451358,1.602354
3004,100.133333,1,667.873459,321.867179,570.737638,316.246986,619.305549,319.057083,2.770407,1.502665,-1.884331,1.649653,0.443038,1.576159
3005,100.166667,1,668.004494,321.757697,570.618343,316.301864,619.311419,319.02978,2.787443,1.593043,-1.878474,1.608092,0.454484,1.600567
3006,100.2,1,667.945633,322.000303,570.868168,316.370995,619.4069,319.185649,2.776951,1.617962,-1.876568,1.620115,0.450192,1.619039
3007,100.233333,1,668.315468,322.086745,571.12958,316.226445,619.722524,319.156595,2.77461,1.574229,-1.882261,1.677787,0.446174,1.626008
3008,100.266667,1,670.17128,322.522979,573.329391,315.699177,621.750336,319.111078,2.826963,1.553093,-1.848872,1.901785,0.489046,1.727439
3009,100.3,1,671.362209,322.191244,575.55582,315.370156,623.459015,318.7807,2.831616,1.419921,-1.803175,1.914842,0.514221,1.667381
3010,100.333333,1,672.248058,322.283045,576.77844,315.058714,624.513249,318.670879,2.820467,1.548736,-1.829786,1.77963,0.495341,1.664183
3011,100.366667,1,673.228073,322.223849,578.31912,315.059357,625.773597,318.641603,2.806412,1.503484,-1.807605,1.79344,0.499403,1.648462
3012,100.4,1,674.353447,322.941839,579.702778,314.96283,627.028112,318.952334,2.769803,1.525513,-1.820184,1.888951,0.474809,1.707232
3013,100.433333,1,675.597534,323.137178,581.280127,314.803249,628.43883,318.970214,2.767584,1.528929,-1.862658,1.934641,0.452463,1.731785
3014,100.466667,1,675.317059,323.359399,580.834513,314.434687,628.075786,318.897043,2.709187,1.666282,-1.97231,1.69881,0.368439,1.682546
3015,100.5,1,675.713215,323.5482,580.95233,314.334576,628.332772,318.941388,2.675897,1.843287,-1.980185,1.61844,0.347856,1.730863
3016,100.533333,1,676.417141,323.491209,581.704521,314.187323,629.060831,318.839266,2.687742,1.930733,-1.977476,1.548018,0.355133,1.739375
3017,100.566667,1,676.640396,323.460728,582.447615,313.844869,629.544005,318.652799,2.69275,1.924033,-1.936194,1.533902,0.378278,1.728968
3018,100.6,1,676.672001,323.565323,582.523909,313.777573,629.597955,318.671448,2.700247,1.937421,-1.922276,1.476301,0.388986,1.706861
3019,100.633333,1,676.637478,323.754821,582.574863,313.710979,629.606171,318.7329,2.704848,1.963047,-1.907201,1.518601,0.398824,1.740824
3020,100.666667,1,676.50053,323.973336,582.354908,314.040204,629.427719,319.00677,2.702544,2.008178,-1.896445,1.674705,0.403049,1.841441
3021,100.7,1,676.311455,324.092152,582.158546,314.201088,629.235001,319.14662,2.707899,2.04376,-1.8987,1.658789,0.404599,1.851274
3022,100.733333,1,675.841331,324.222631,581.777925,314.378489,628.809628,319.30056,2.703894,1.966002,-1.893525,1.702627,0.405184,1.834315
3023,100.766667,1,675.151081,324.46205,581.000614,314.5497,628.075848,319.505875,2.723602,2.003204,-1.890259,1.648341,0.416672,1.825772
3024,100.8,1,674.946728,324.76205,580.571012,315.119192,627.75887,319.940621,2.712606,2.059027,-1.893136,1.528342,0.409735,1.793684
3025,100.833333,1,675.36684,324.741397,581.383362,315.668374,628.375101,320.204886,2.713554,1.943374,-1.883447,1.566572,0.415053,1.754973
3026,100.866667,1,675.611382,324.663452,581.324387,316.330976,628.467884,320.497214,2.746454,1.963974,-1.841802,1.654177,0.452326,1.809076
3027,100.9,1,675.32589,325.32283,580.847616,317.083261,628.086753,321.203046,2.755585,2.031486,-1.825324,1.660246,0.465131,1.845866
3028,100.933333,1,675.216846,325.997154,580.398798,317.584083,627.807822,321.790618,2.762192,1.941933,-1.840058,1.607371,0.461067,1.774652
3029,100.966667,1,675.33247,326.181024,580.480738,318.114603,627.906604,322.147813,2.76686,1.881433,-1.839032,1.563077,0.463914,1.722255
3030,101.0,1,675.529652,326.357203,580.389814,318.177983,627.959733,322.267593,2.757796,1.928083,-1.847784,1.583249,0.455006,1.755666
3031,101.033333,1,675.863667,326.58261,580.594969,318.429499,628.229318,322.506055,2.761098,1.881093,-1.837851,1.639674,0.461623,1.760384
3032,101.066667,1,676.238136,326.794982,580.808878,318.633846,628.523507,322.714414,2.751428,1.861853,-1.833978,1.644564,0.458725,1.753208
3033,101.1,1,676.618214,326.997564,581.019936,318.837758,628.819075,322.917661,2.7638,1.88198,-1.835239,1.700219,0.464281,1.7911
3034,101.133333,1,676.734047,326.99618,581.273909,318.800368,629.003978,322.898274,2.754555,1.927421,-1.844341,1.70408,0.455107,1.815751
3035,101.166667,1,677.059364,327.066078,581.28952,318.647826,629.174442,322.856952,2.762438,1.863497,-1.851695,1.766069,0.455372,1.814783
3036,101.2,1,676.337376,327.069635,581.004639,318.357777,628.671007,322.713706,2.725174,1.843433,-1.863558,1.700614,0.430808,1.772023
3037,101.233333,1,676.538525,327.090915,580.988626,318.146564,628.763576,322.61874,2.736626,1.876051,-1.86965,1.68738,0.433488,1.781715
3038,101.266667,1,676.626339,326.936426,581.456251,318.064139,629.041295,322.500283,2.728626,1.901192,-1.868409,1.776556,0.430109,1.838874
3039,101.3,1,676.939449,327.091683,581.864567,317.902617,629.402008,322.49715,2.726187,1.873217,-1.86177,1.758824,0.432208,1.816021
3040,101.333333,1,677.502861,327.127265,582.233181,317.601544,629.868021,322.364404,2.722449,1.842341,-1.872005,1.87784,0.425222,1.86009
3041,101.366667,1,677.882919,327.16297,582.631025,317.533615,630.256972,322.348292,2.721647,1.892042,-1.879664,1.823396,0.420991,1.857719
3042,101.4,1,678.15979,327.346224,583.006134,317.429765,630.582962,322.387995,2.705964,1.948802,-1.876278,1.885569,0.414843,1.917185
3043,101.433333,1,678.3881,327.428804,583.289719,317.180432,630.838909,322.304618,2.721186,1.879734,-1.85345,1.792124,0.433868,1.835929
3044,101.466667,1,678.436069,327.576106,583.314323,317.093529,630.875196,322.334817,2.729146,1.822441,-1.860105,1.791665,0.434521,1.807053
3045,101.5,1,678.44883,327.565672,583.354568,316.846089,630.901699,322.205881,2.716435,1.893665,-1.861499,1.891595,0.427468,1.89263
3046,101.533333,1,678.441544,327.535604,583.352757,316.811408,630.89715,322.173506,2.708192,1.970719,-1.868125,1.91761,0.420033,1.944165
3047,101.566667,1,678.274689,327.502527,583.246651,316.669815,630.76067,322.086171,2.700332,1.916495,-1.87298,1.892028,0.413676,1.904261
3048,101.6,1,678.108006,327.494996,583.086872,316.36805,630.597439,321.931523,2.703305,1.894314,-1.885338,1.811602,0.408984,1.852958
3049,101.633333,1,678.071613,327.28448,583.054571,316.200004,630.563092,321.742242,2.699858,1.894778,-1.897991,1.875485,0.400933,1.885131
3050,101.666667,1,678.013134,327.492254,582.958441,316.344629,630.485787,321.918442,2.687452,1.938206,-1.894354,1.857159,0.396549,1.897683
3051,101.7,1,677.713146,327.610438,582.825708,316.271576,630.269427,321.941007,2.700037,1.938473,-1.904669,1.77248,0.397684,1.855476
3052,101.733333,1,677.693367,327.685524,582.555084,316.292138,630.124226,321.988831,2.706207,1.967342,-1.90184,1.782328,0.402184,1.874835
3053,101.766667,1,677.638054,327.886829,582.581453,316.285771,630.109754,322.0863,2.702043,1.922652,-1.900192,1.777991,0.400926,1.850322
3054,101.8,1,678.027058,327.972938,582.721415,316.464642,630.374236,322.21879,2.70065,2.024679,-1.901429,1.795283,0.39961,1.909981
3055,101.833333,1,678.00209,328.15689,582.739859,316.551921,630.370975,322.354405,2.693374,1.996672,-1.895362,1.790735,0.399006,1.893703
3056,101.866667,1,677.98975,328.262644,582.851124,316.57223,630.420437,322.417437,2.695754,1.967554,-1.878139,1.783464,0.408807,1.875509
3057,101.9,1,678.187828,328.316857,582.907724,316.632993,630.547776,322.474925,2.694833,1.993352,-1.884371,1.816352,0.405231,1.904852
3058,101.933333,1,678.206177,328.326266,583.008881,316.604117,630.607529,322.465191,2.703046,1.960457,-1.876494,1.80827,0.413276,1.884364
3059,101.966667,1,678.259068,328.41863,583.080273,316.589144,630.66967,322.503887,2.712284,2.000928,-1.872009,1.79847,0.420137,1.899699
3060,102.0,1,678.419876,328.411673,583.175125,316.87105,630.797501,322.641361,2.710838,2.010912,-1.867553,1.826177,0.421642,1.918545
3061,102.033333,1,678.461819,328.446938,583.223314,316.87893,630.842566,322.662934,2.717273,2.007747,-1.872015,1.831829,0.422629,1.919788
3062,102.066667,1,678.499584,328.336174,583.203936,316.981493,630.85176,322.658833,2.706415,1.949064,-1.861249,1.841528,0.422583,1.895296
3063,102.1,1,678.510895,328.377024,583.189468,316.968425,630.850182,322.672724,2.70768,1.947894,-1.869716,1.806213,0.418982,1.877053
3064,102.133333,1,678.483925,328.393852,583.167048,316.874939,630.825486,322.634396,2.708659,1.952945,-1.869139,1.807335,0.41976,1.88014
3065,102.166667,1,678.432045,328.434901,583.145008,316.722466,630.788527,322.578683,2.709035,1.952204,-1.874443,1.800278,0.417296,1.876241
3066,102.2,1,678.318806,328.366569,583.016634,316.730325,630.66772,322.548447,2.723856,1.971353,-1.865401,1.822387,0.429228,1.89687
3067,102.233333,1,678.254642,328.365045,582.88435,316.671848,630.569496,322.518446,2.723912,1.927991,-1.863491,1.827381,0.430211,1.877686
3068,102.266667,1,678.016853,328.47133,582.713108,316.717225,630.364981,322.594278,2.730027,1.943362,-1.872937,1.789121,0.428545,1.866241
3069,102.3,1,677.932587,328.445667,582.528009,316.774324,630.230298,322.609996,2.733833,1.91996,-1.876536,1.755863,0.428648,1.837911
3070,102.333333,1,677.645493,328.468782,582.507763,316.944602,630.076628,322.706692,2.72157,1.918818,-1.868251,1.755726,0.426659,1.837272
3071,102.366667,1,677.658958,328.542876,582.318268,316.854399,629.988613,322.698637,2.731731,1.950164,-1.866641,1.796786,0.432545,1.873475
3072,102.4,1,677.412148,328.433361,581.904068,316.751204,629.658108,322.592282,2.733389,1.970386,-1.888977,1.75811,0.422206,1.864248
3073,102.433333,1,677.174721,328.448494,581.355591,316.631641,629.265156,322.540068,2.746546,1.991512,-1.896006,1.66642,0.42527,1.828966
3074,102.466667,1,676.956406,328.489333,581.557455,316.751,629.25693,322.620167,2.732411,1.907088,-1.8755,1.717353,0.428456,1.81222
4785,159.5,1,695.699844,344.273978,603.095798,326.42848,649.397821,335.351229,2.724611,2.103927,-1.899288,1.804084,0.412662,1.954006
4786,159.533333,1,695.618839,344.420995,602.98769,326.27716,649.303265,335.349078,2.720585,2.130262,-1.906567,1.748768,0.407009,1.939515
4787,159.566667,1,695.479221,344.675537,603.121281,326.347589,649.300251,335.511563,2.726143,2.120925,-1.904436,1.732614,0.410853,1.92677
4788,159.6,1,694.944439,345.419877,602.82361,326.631158,648.884025,336.025517,2.757236,2.295767,-1.927458,1.840819,0.414889,2.068293
4789,159.633333,1,693.410206,348.655028,603.347797,329.786021,648.379002,339.220524,2.687851,12.402803,-1.96532,7.113327,0.361265,9.758065
4790,159.666667,1,691.68539,349.947016,604.307575,331.103371,647.996483,340.525194,2.644595,43.520716,-1.834409,2.944951,0.405093,23.232834
4791,159.7,1,693.571262,348.310622,603.386087,330.152233,648.478675,339.231428,2.702322,11.535387,-1.924288,3.161027,0.389017,7.348207
4792,159.733333,1,694.610767,346.636312,602.284813,328.44196,648.44779,337.539136,2.77157,4.012957,-2.030972,3.160509,0.370299,3.586733
4793,159.766667,1,694.459133,345.928128,602.060165,327.486954,648.259649,336.707541,2.764163,2.695182,-1.921602,2.343484,0.42128,2.519333
4794,159.8,1,694.572487,345.431024,602.174149,327.703114,648.373318,336.567069,2.745102,2.267103,-1.890414,2.146713,0.427344,2.206908
4795,159.833333,1,694.713478,345.127376,602.170429,327.44222,648.441954,336.284798,2.758979,2.149451,-1.871623,1.965362,0.443678,2.057406
4796,159.866667,1,694.733887,345.024342,602.004385,327.498719,648.369136,336.26153,2.744998,2.086746,-1.880245,1.880411,0.432376,1.983578
4797,159.9,1,694.667397,345.020635,601.97547,327.43346,648.321433,336.227048,2.731726,2.018455,-1.885507,1.803559,0.42311,1.911007
4798,159.933333,1,694.786797,344.950806,602.128239,327.419384,648.457518,336.185095,2.735781,1.995254,-1.885678,1.806953,0.425052,1.901103
4799,159.966667,1,694.81308,344.79622,602.13192,327.394359,648.4725,336.09529,2.741086,1.950934,-1.877519,1.799506,0.431784,1.87522
4800,160.0,1,694.751072,344.801987,602.07366,327.305986,648.412366,336.053986,2.738978,1.991142,-1.88507,1.779796,0.426954,1.885469
4801,160.033333,1,694.781036,344.833573,602.11194,327.197603,648.446488,336.015588,2.741186,2.016969,-1.892911,1.759071,0.424137,1.88802
4802,160.066667,1,694.891014,344.792776,602.188005,327.09157,648.53951,335.942173,2.750881,2.060769,-1.890838,1.782252,0.430022,1.92151
4803,160.1,1,694.98476,344.71371,602.184916,327.101623,648.584838,335.907666,2.746654,2.075428,-1.892179,1.749105,0.427238,1.912266
4804,160.133333,1,694.883595,344.669491,602.114048,327.126004,648.498821,335.897748,2.745785,2.077916,-1.889856,1.752239,0.427965,1.915077
4805,160.166667,1,694.752293,344.694216,602.003345,327.062516,648.377819,335.878366,2.7399,2.043178,-1.89667,1.686117,0.421615,1.864647
4806,160.2,1,694.423656,344.449668,601.704788,326.823864,648.064222,335.636766,2.734046,2.131744,-1.907769,1.601699,0.413138,1.866722
4807,160.233333,1,694.331417,344.245723,601.550293,326.796591,647.940855,335.521157,2.737347,2.104234,-1.907605,1.56864,0.414871,1.836437
4808,160.266667,1,694.203415,344.050271,601.333275,326.782579,647.768345,335.416425,2.729799,2.098776,-1.907726,1.571753,0.411037,1.835264
4809,160.3,1,694.191914,343.979391,600.990238,326.618552,647.591076,335.298971,2.746181,2.117361,-1.909935,1.599526,0.418123,1.858443
4810,160.333333,1,694.073048,343.902363,601.137714,326.261067,647.605381,335.081715,2.752096,2.214793,-1.895001,1.562096,0.428548,1.888445
4811,160.366667,1,693.820248,344.203951,601.016521,326.545118,647.418385,335.374534,2.774549,2.222294,-1.919579,1.692584,0.427485,1.957439
4812,160.4,1,692.710247,346.062464,601.494884,327.663133,647.102566,336.862798,2.771469,3.828555,-2.029903,2.266501,0.370783,3.047528
4813,160.433333,1,692.752151,345.952633,601.702585,327.840046,647.227368,336.896339,2.779578,3.450683,-1.975484,2.35379,0.402047,2.902236
4814,160.466667,1,691.147499,348.131493,604.669704,330.531541,647.908602,339.331517,2.626532,22.203351,-1.820977,18.403265,0.402778,20.303308
4815,160.5,1,692.327919,347.332876,603.859558,330.051157,648.093739,338.692017,2.670265,22.210433,-1.859615,5.093068,0.405325,13.651751
4816,160.533333,1,694.233913,346.107547,601.986799,328.629822,648.110356,337.368684,2.753592,5.025175,-2.008664,2.784457,0.372464,3.904816
4817,160.566667,1,694.653759,344.645716,601.853609,327.867093,648.253684,336.256405,2.770611,3.550611,-1.937131,2.488483,0.41674,3.019547
4818,160.6,1,694.878979,344.162489,601.557531,327.397063,648.218255,335.779776,2.762634,2.579592,-1.929687,2.19369,0.416473,2.386641
4819,160.633333,1,694.938107,343.906987,601.72308,327.28714,648.330593,335.597064,2.74364,2.292974,-1.896904,2.061205,0.423368,2.177089
4820,160.666667,1,694.404087,343.274002,601.4501,326.833847,647.927094,335.053925,2.764276,2.104436,-1.878213,1.820291,0.443031,1.962364
4821,160.7,1,694.232941,342.834522,601.003017,326.372845,647.617979,334.603684,2.739916,2.080812,-1.867378,1.736748,0.436269,1.90878
4822,160.733333,1,693.589802,342.565529,600.516863,326.196533,647.053332,334.381031,2.725321,1.9786,-1.869507,1.633641,0.427907,1.80612
4823,160.766667,1,693.142567,342.264006,599.672832,326.110321,646.4077,334.187163,2.730968,2.070632,-1.865432,1.651126,0.432768,1.860879
4824,160.8,1,692.526913,342.078676,598.947392,326.122499,645.737152,334.100587,2.753788,2.087676,-1.880946,1.730415,0.436421,1.909045
4825,160.833333,1,691.823101,341.445251,598.507566,326.045814,645.165334,333.745532,2.747604,1.981611,-1.887227,1.744403,0.430188,1.863007
4826,160.866667,1,691.32925,340.713576,597.849998,325.935795,644.589624,333.324686,2.719328,2.000504,-1.896698,1.698141,0.411315,1.849322
4827,160.9,1,689.974232,339.840233,596.102924,325.894055,643.038578,332.867144,2.710555,2.098236,-1.914207,1.534417,0.398174,1.816327
4828,160.933333,1,689.649391,338.925916,595.517941,325.844455,642.583666,332.385186,2.699879,2.048128,-1.937552,1.422537,0.381164,1.735332
4829,160.966667,1,689.510536,337.562136,595.149565,325.311871,642.33005,331.437003,2.691677,2.057583,-1.941166,1.495481,0.375255,1.776532
4830,161.0,1,689.475346,335.998338,594.515362,324.936833,641.995354,330.467586,2.680799,1.985103,-1.936623,1.509762,0.372088,1.747433
4831,161.033333,1,689.54998,334.322982,594.202623,324.22541,641.876302,329.274196,2.672434,2.002445,-1.93626,1.723336,0.368087,1.86289
4832,161.066667,1,689.394684,333.081871,594.018202,323.851107,641.706443,328.466489,2.665388,1.894374,-1.985524,1.671874,0.339932,1.783124
4833,161.1,1,689.121017,332.403154,593.808708,323.462241,641.464863,327.932697,2.66422,1.880829,-1.9752,1.653594,0.34451,1.767212
4834,161.133333,1,689.096527,332.303354,594.057789,323.377794,641.577158,327.840574,2.687269,1.927835,-1.93582,1.666057,0.375724,1.796946
4835,161.166667,1,689.628754,332.131081,595.021324,323.477046,642.325039,327.804064,2.699571,1.917362,-1.95012,1.803942,0.374726,1.860652
4836,161.2,1,689.035378,332.147963,594.601908,323.402567,641.818643,327.775265,2.703051,1.832305,-1.916211,1.729909,0.39342,1.781107
4837,161.233333,1,688.210754,332.115471,593.670673,323.380095,640.940714,327.747783,2.695126,1.922623,-1.907673,1.715136,0.393727,1.818879
4838,161.266667,1,687.673454,332.208715,593.246965,323.432146,640.46021,327.820431,2.714865,1.871762,-1.944482,1.762793,0.385191,1.817278
4839,161.3,1,687.030239,332.461165,592.203503,323.758512,639.616871,328.109838,2.688827,1.893388,-1.978481,1.851415,0.355173,1.872402
4840,161.333333,1,686.35149,332.592657,591.521559,323.770137,638.936524,328.181397,2.685139,1.958351,-2.016048,1.831128,0.334546,1.894739
4841,161.366667,1,685.504608,332.565819,590.390272,323.700367,637.94744,328.133093,2.670618,2.064413,-2.032062,1.901593,0.319278,1.983003
4842,161.4,1,684.479218,332.703969,589.224939,323.88361,636.852078,328.29379,2.662283,2.041206,-2.035033,1.756299,0.313625,1.898752
4843,161.433333,1,683.446674,332.690831,587.930708,323.977225,635.688691,328.334028,2.649178,2.077111,-2.030782,1.986561,0.309198,2.031836
4844,161.466667,1,682.489414,332.769404,586.549892,324.06791,634.519653,328.418657,2.624407,2.132285,-2.10102,1.953935,0.261694,2.04311
4845,161.5,1,681.795578,332.88844,585.952349,323.955542,633.873963,328.421991,2.622059,2.151138,-2.084526,1.821233,0.268767,1.986185
4846,161.533333,1,681.243286,332.457705,585.434103,323.967671,633.338695,328.212688,2.619681,2.13758,-2.107455,1.962596,0.256113,2.050088
4847,161.566667,1,680.640678,332.319549,584.922609,323.666319,632.781644,327.992934,2.62477,2.12604,-2.11835,1.817987,0.25321,1.972013
4848,161.6,1,680.225468,332.232737,584.470701,323.669205,632.348084,327.950971,2.63005,2.178598,-2.103799,1.836515,0.263126,2.007556
4849,161.633333,1,679.933167,332.128297,583.91634,324.072996,631.924753,328.100646,2.633824,2.130972,-2.105686,1.822676,0.264069,1.976824
4850,161.666667,1,679.409695,332.225881,583.455029,324.149557,631.432362,328.187719,2.623874,2.138818,-2.094109,1.7332,0.264882,1.936009
4851,161.7,1,678.882675,332.206752,582.970304,324.072379,630.92649,328.139565,2.625159,2.163527,-2.078775,1.693589,0.273192,1.928558
4852,161.733333,1,678.240871,332.02662,582.244034,324.453837,630.242453,328.240229,2.631911,2.092537,-2.086658,1.943246,0.272627,2.017891
4853,161.766667,1,677.461452,331.682492,581.567812,324.834325,629.514632,328.258409,2.629516,2.107077,-2.084146,1.720327,0.272685,1.913702
4854,161.8,1,676.474953,331.592928,580.93214,325.074286,628.703547,328.333607,2.643951,2.051468,-2.03873,1.745575,0.302611,1.898521
4855,161.833333,1,675.520611,331.274995,580.001345,325.039176,627.760978,328.157085,2.644682,1.951517,-2.029287,1.790377,0.307697,1.870947
4856,161.866667,1,674.481068,331.239987,579.397564,325.064297,626.939316,328.152142,2.661619,1.892506,-1.990035,1.659407,0.335792,1.775957
4857,161.9,1,673.182755,331.381527,578.523893,325.563961,625.853324,328.472744,2.688077,1.971044,-1.945464,1.773707,0.371307,1.872375
4858,161.933333,1,672.512589,331.424008,578.20118,325.731132,625.356884,328.57757,2.694803,1.833702,-1.941042,1.854927,0.376881,1.844314
4859,161.966667,1,671.893845,331.672665,577.491798,325.908211,624.692822,328.790438,2.692453,1.852677,-1.920883,1.803573,0.385785,1.828125
4860,162.0,1,671.648235,331.645864,577.073288,326.214573,624.360762,328.930219,2.692794,1.871091,-1.919693,1.802825,0.386551,1.836958
4861,162.033333,1,671.131439,331.875805,576.796789,326.671595,623.964114,329.2737,2.691536,1.851419,-1.919981,1.814988,0.385778,1.833203
4862,162.066667,1,670.70364,332.02729,576.235771,326.657213,623.469706,329.342252,2.687251,1.940617,-1.934877,1.803012,0.376187,1.871815
4863,162.1,1,670.272903,332.169512,575.802259,327.065166,623.037581,329.617339,2.693546,1.88495,-1.923647,1.854042,0.384949,1.869496
4864,162.133333,1,669.703045,332.086846,575.506477,327.016661,622.604761,329.551754,2.708318,1.905908,-1.912343,1.791812,0.397988,1.84886
4865,162.166667,1,669.489899,332.040669,574.977789,327.372751,622.233844,329.70671,2.701648,1.905572,-1.91581,1.833581,0.392919,1.869577
4866,162.2,1,668.780308,332.333803,574.774618,327.59038,621.777463,329.962091,2.722813,1.898367,-1.900926,1.742669,0.410944,1.820518
4867,162.233333,1,668.493748,332.301477,574.443798,327.623312,621.468773,329.962395,2.762273,1.876902,-1.879665,1.673542,0.441304,1.775222
4868,162.266667,1,667.963505,332.056961,574.271212,327.747778,621.117358,329.902369,2.766709,1.896756,-1.867649,1.687346,0.44953,1.792051
4869,162.3,1,667.826271,332.010108,573.896437,327.86212,620.861354,329.936114,2.758297,1.835043,-1.870644,1.699665,0.443827,1.767354
4870,162.333333,1,667.620773,331.717168,573.61433,327.764461,620.617552,329.740815,2.771676,1.820374,-1.865332,1.635485,0.453172,1.727929
4871,162.366667,1,667.744217,331.51243,573.515701,327.8209,620.629959,329.666665,2.795217,1.813953,-1.864339,1.626259,0.465439,1.720106
4872,162.4,1,667.673302,331.464483,573.367128,327.792442,620.520215,329.628462,2.810249,1.825127,-1.862887,1.650401,0.473681,1.737764
4873,162.433333,1,667.587433,331.455626,573.215866,327.672595,620.401649,329.564111,2.828132,1.836986,-1.864987,1.619942,0.481573,1.728464
4874,162.466667,1,667.716694,331.543592,573.410778,328.243938,620.563736,329.893765,2.834141,1.801901,-1.843892,1.675693,0.495125,1.738797
4875,162.5,1,667.684841,331.668647,573.546324,328.882728,620.615582,330.275687,2.836813,1.673209,-1.826261,1.680786,0.505276,1.676998
4876,162.533333,1,667.581882,331.504549,573.304234,328.745012,620.443058,330.124781,2.838325,1.69215,-1.831852,1.658332,0.503237,1.675241
4877,162.566667,1,667.490597,331.232643,573.164024,328.708524,620.327311,329.970583,2.831372,1.657839,-1.831389,1.631051,0.499991,1.644445
4878,162.6,1,667.445774,330.955812,573.193903,328.684738,620.319839,329.820275,2.823736,1.649087,-1.833833,1.581134,0.494952,1.615111
4879,162.633333,1,667.451363,330.78892,573.18759,328.714076,620.319476,329.751498,2.82422,1.686026,-1.832367,1.619578,0.495926,1.652802
4880,162.666667,1,667.557716,330.782032,573.302584,328.75197,620.43015,329.767001,2.81774,1.694528,-1.836683,1.588438,0.490528,1.641483
4881,162.7,1,667.652817,330.710294,573.381195,328.768777,620.517006,329.739535,2.822722,1.681358,-1.836892,1.585933,0.492915,1.633646
4882,162.733333,1,667.690735,330.530371,573.333912,328.771325,620.512323,329.650848,2.8306,1.675908,-1.835584,1.619985,0.497508,1.647947
4883,162.766667,1,667.713737,330.432111,573.330336,328.751214,620.522037,329.591662,2.832952,1.655854,-1.836045,1.584206,0.498454,1.62003
4884,162.8,1,667.741375,330.399747,573.20756,328.736359,620.474467,329.568053,2.842709,1.611007,-1.829824,1.609739,0.506442,1.610373
4885,162.833333,1,667.546406,330.064917,573.19171,328.757308,620.369058,329.411112,2.851102,1.559961,-1.82831,1.609479,0.511396,1.58472
4886,162.866667,1,667.514801,329.948772,573.123264,328.779452,620.319033,329.364112,2.854411,1.589926,-1.83386,1.660732,0.510276,1.625329
4887,162.9,1,667.477379,329.731636,572.938194,328.670613,620.207787,329.201125,2.854809,1.579748,-1.845616,1.615212,0.504597,1.59748
4888,162.933333,1,667.536373,329.691805,572.74847,328.660287,620.142422,329.176046,2.865304,1.600461,-1.847286,1.605602,0.509009,1.603032
4889,162.966667,1,667.616577,329.757487,572.85428,328.767811,620.235429,329.262649,2.871974,1.490943,-1.835923,1.670314,0.518026,1.580629
4890,163.0,1,667.519855,329.71315,572.823792,328.940358,620.171824,329.326754,2.866385,1.502488,-1.829321,1.678937,0.518532,1.590713
4891,163.033333,1,667.382393,329.59561,572.849188,328.89962,620.11579,329.247615,2.849565,1.551622,-1.824943,1.678394,0.512311,1.615008
4892,163.066667,1,667.418804,329.632995,572.746124,328.903397,620.082464,329.268196,2.849425,1.592242,-1.826259,1.693606,0.511583,1.642924
4893,163.1,1,667.298813,329.524012,572.610283,328.805609,619.954548,329.16481,2.851157,1.617089,-1.825051,1.646236,0.513053,1.631662
4894,163.133333,1,667.137394,329.54681,572.594566,328.825462,619.86598,329.186136,2.844469,1.720299,-1.829705,1.732099,0.507382,1.726199
4895,163.166667,1,667.202625,329.475769,572.38452,328.67682,619.793572,329.076295,2.852281,1.658473,-1.824218,1.702322,0.514032,1.680398
4896,163.2,1,667.18998,329.407695,572.356157,328.690601,619.773068,329.049148,2.857444,1.650009,-1.823494,1.698375,0.516975,1.674192
4897,163.233333,1,666.950359,329.417083,572.044163,328.593355,619.497261,329.005219,2.843988,1.677662,-1.826965,1.640169,0.508511,1.658915
4898,163.266667,1,666.790733,329.37031,571.78381,328.511108,619.287271,328.940709,2.85212,1.650259,-1.831913,1.640077,0.510104,1.645168
4899,163.3,1,666.658401,329.309703,571.632538,328.544233,619.14547,328.926968,2.860758,1.590171,-1.83259,1.65648,0.514084,1.623325
4900,163.333333,1,666.477051,329.398683,571.449232,328.556008,618.963141,328.977345,2.862916,1.589861,-1.83296,1.750497,0.514978,1.670179
4901,163.366667,1,666.365299,329.265538,571.267786,328.479018,618.816543,328.872278,2.853128,1.613006,-1.828059,1.670373,0.512535,1.641689
4902,163.4,1,666.358318,329.384333,571.215372,328.580341,618.786845,328.982337,2.848439,1.679653,-1.828354,1.715868,0.510043,1.69776
4903,163.433333,1,666.206589,329.385583,571.305113,328.635246,618.755851,329.010414,2.843339,1.677771,-1.834083,1.647088,0.504628,1.662429
4904,163.466667,1,665.934715,329.530959,571.074114,328.882518,618.504415,329.206738,2.827293,1.729777,-1.836443,1.733022,0.495425,1.731399
4905,163.5,1,665.69231,329.408543,570.530701,328.956199,618.111506,329.182371,2.864544,1.570402,-1.828798,1.683529,0.517873,1.626965
4906,163.533333,1,665.316467,329.271492,570.18445,328.765858,617.750459,329.018675,2.87053,1.526369,-1.82893,1.634261,0.5208,1.580315
4907,163.566667,1,665.061493,329.149119,569.832287,328.700273,617.44689,328.924696,2.870161,1.573891,-1.835521,1.528713,0.51732,1.551302
4908,163.6,1,664.640999,329.350333,569.72373,329.06927,617.182364,329.209802,2.854291,1.586286,-1.851611,1.648956,0.50134,1.617621
4909,163.633333,1,664.282322,329.469434,569.38323,329.09732,616.832776,329.283377,2.848015,1.618998,-1.844532,1.615755,0.501741,1.617377
4910,163.666667,1,663.712196,329.438122,569.11727,329.255871,616.414733,329.346997,2.844726,1.561521,-1.845812,1.600587,0.499457,1.581054
4911,163.7,1,663.407326,329.419363,568.664131,329.355134,616.035728,329.387248,2.848124,1.593093,-1.835937,1.674011,0.506093,1.633552
4912,163.733333,1,662.891426,329.325652,568.174362,329.604998,615.532894,329.465325,2.853446,1.535934,-1.845654,1.556644,0.503896,1.546289
4913,163.766667,1,662.715473,329.578192,567.836447,329.943171,615.27596,329.760682,2.847302,1.543758,-1.837433,1.783447,0.504935,1.663603
4914,163.8,1,662.471123,329.743819,567.540646,330.111689,615.005884,329.927754,2.842055,1.603449,-1.840726,1.703694,0.500664,1.653572
4915,163.833333,1,662.265358,329.832729,567.453108,330.184994,614.859233,330.008861,2.846688,1.568643,-1.822109,1.692004,0.512289,1.630323
4916,163.866667,1,661.953297,329.62468,567.336369,330.043765,614.644833,329.834222,2.843323,1.619175,-1.829752,1.62048,0.506785,1.619827
4917,163.9,1,661.574001,329.537063,566.642818,329.992674,614.10841,329.764869,2.855603,1.536159,-1.83249,1.644382,0.511556,1.59027
4918,163.933333,1,661.124802,329.448872,566.336145,329.892783,613.730474,329.670828,2.856005,1.521822,-1.83589,1.573169,0.510057,1.547496
4919,163.966667,1,660.678654,329.581861,565.841694,329.702405,613.260174,329.642133,2.855813,1.563749,-1.843505,1.603535,0.506154,1.583642
4920,164.0,1,660.028839,329.174911,565.322742,329.597896,612.675791,329.386404,2.842763,1.524858,-1.834395,1.550327,0.504184,1.537593
4921,164.033333,1,659.31015,328.930219,564.634047,329.645451,611.972098,329.287835,2.840062,1.404244,-1.831359,1.530733,0.504352,1.467489
4922,164.066667,1,658.747654,328.589482,563.792,329.268461,611.269827,328.928972,2.853762,1.379336,-1.845947,1.48935,0.503908,1.434343
4923,164.1,1,658.046513,328.351591,563.034067,329.140375,610.54029,328.745983,2.858073,1.332133,-1.836021,1.513239,0.511026,1.422686
4924,164.133333,1,657.375298,328.19031,562.460184,329.087386,609.917741,328.638848,2.84644,1.383085,-1.850662,1.550628,0.497889,1.466857
4925,164.166667,1,656.553822,327.831441,561.58659,328.89623,609.070206,328.363836,2.839097,1.315537,-1.849992,1.576824,0.494552,1.44618
4926,164.2,1,656.238098,327.847218,561.197338,328.97801,608.717718,328.412614,2.831843,1.398343,-1.846986,1.610195,0.492428,1.504269
4927,164.233333,1,655.657883,327.500666,560.474205,328.672609,608.066044,328.086637,2.844573,1.303741,-1.856036,1.4975,0.494269,1.40062
4928,164.266667,1,655.235519,327.417378,560.215454,328.720846,607.725487,328.069112,2.85815,1.301854,-1.852936,1.51022,0.502607,1.406037
4929,164.3,1,654.871502,327.216523,559.656544,328.489124,607.264023,327.852824,2.863677,1.357686,-1.859777,1.523665,0.50195,1.440676
4930,164.333333,1,654.804401,327.054657,559.283733,328.513666,607.044067,327.784162,2.866024,1.330782,-1.843748,1.503824,0.511138,1.417303
4931,164.366667,1,654.503345,327.102476,559.299154,328.683059,606.90125,327.892767,2.876479,1.306177,-1.838851,1.521104,0.518814,1.413641
4932,164.4,1,654.294281,327.029606,558.948317,328.666638,606.621299,327.848122,2.868313,1.291936,-1.839577,1.560712,0.514368,1.426324
4933,164.433333,1,653.991222,326.903445,558.545561,328.612688,606.268392,327.758067,2.867022,1.247116,-1.844882,1.459325,0.51107,1.353221
4934,164.466667,1,653.830013,327.00685,558.323307,328.738216,606.07666,327.872533,2.878744,1.231348,-1.834589,1.526989,0.522078,1.379168
4935,164.5,1,653.524437,326.871479,557.870674,328.603896,605.697556,327.737687,2.890644,1.21483,-1.831914,1.505077,0.529365,1.359954
4936,164.533333,1,653.274059,326.824272,557.496824,328.705101,605.385442,327.764686,2.890558,1.28886,-1.815136,1.525539,0.537711,1.407199
4937,164.566667,1,652.922096,326.459309,557.107325,328.526503,605.01471,327.492906,2.895917,1.230583,-1.816114,1.518135,0.539901,1.374359
4938,164.6,1,652.870464,326.47831,557.221346,328.557837,605.045905,327.518073,2.892699,1.218079,-1.813136,1.523204,0.539782,1.370642
4939,164.633333,1,652.65255,326.225114,556.827984,328.531905,604.740267,327.37851,2.895837,1.219,-1.825295,1.479824,0.535271,1.349412
4940,164.666667,1,652.281837,326.104029,556.498499,328.622698,604.390168,327.363364,2.900993,1.196487,-1.822165,1.376867,0.539414,1.286677
4941,164.7,1,652.163277,326.100767,556.162424,328.512695,604.16285,327.306731,2.891503,1.271942,-1.828886,1.393908,0.531308,1.332925
4942,164.733333,1,651.864414,325.888309,555.903349,328.449106,603.883882,327.168708,2.894339,1.267956,-1.832985,1.332499,0.530677,1.300227
4943,164.766667,1,651.77021,325.89553,555.618076,328.395537,603.694143,327.145533,2.895593,1.302308,-1.823535,1.360752,0.536029,1.33153
4944,164.8,1,651.565361,325.777534,555.398827,328.388568,603.482094,327.083051,2.91036,1.323265,-1.827506,1.349334,0.541427,1.336299
4945,164.833333,1,651.199379,325.656679,554.980268,328.608896,603.089824,327.132787,2.907502,1.277592,-1.826513,1.335918,0.540494,1.306755
4946,164.866667,1,650.903378,325.712196,554.936218,328.72025,602.919798,327.216223,2.892535,1.253189,-1.80984,1.37906,0.541347,1.316125
4947,164.9,1,650.743504,325.691226,554.707794,328.798571,602.725649,327.244898,2.896932,1.161935,-1.814495,1.391377,0.541219,1.276656
4948,164.933333,1,650.476189,325.964972,554.829245,329.00333,602.652717,327.484151,2.897366,1.202011,-1.825846,1.433249,0.53576,1.31763
4949,164.966667,1,650.213909,325.939888,554.353371,328.920649,602.28364,327.430269,2.882544,1.221086,-1.833634,1.401994,0.524455,1.31154
4950,165.0,1,650.014763,325.970294,554.310646,329.05278,602.162704,327.511537,2.885558,1.238994,-1.827263,1.43931,0.529147,1.339152
4951,165.033333,1,649.826984,325.875875,554.022799,329.170899,601.924891,327.523387,2.895554,1.188005,-1.821646,1.41577,0.536954,1.301888
4952,165.066667,1,649.838657,326.009781,554.020996,329.350709,601.929827,327.680245,2.892426,1.220948,-1.820489,1.438046,0.535969,1.329497
4953,165.1,1,649.753952,326.236192,554.192114,329.539171,601.973033,327.887682,2.888229,1.279118,-1.830642,1.517016,0.528793,1.398067
4954,165.133333,1,649.640923,326.167372,554.129171,329.502243,601.885047,327.834807,2.886587,1.270606,-1.820941,1.494675,0.532823,1.382641
4955,165.166667,1,649.65416,326.321325,554.01495,329.592553,601.834555,327.956939,2.885144,1.275288,-1.813763,1.510856,0.53569,1.393072
4956,165.2,1,649.617825,326.200492,553.995028,329.506631,601.806426,327.853561,2.887598,1.264059,-1.819031,1.47699,0.534283,1.370525
4957,165.233333,1,649.573193,326.123834,553.96946,329.567415,601.771326,327.845625,2.889321,1.216475,-1.817599,1.432498,0.535861,1.324486
4958,165.266667,1,649.647465,326.222679,553.935184,329.622824,601.791325,327.922752,2.890191,1.216853,-1.813963,1.488835,0.538114,1.352844
4959,165.3,1,649.579964,326.247275,553.848639,329.637244,601.714301,327.942259,2.890428,1.233666,-1.812531,1.509877,0.538949,1.371771
4960,165.333333,1,649.464493,326.193121,553.802328,329.697073,601.63341,327.945097,2.883997,1.201293,-1.825123,1.438326,0.529437,1.319809
4961,165.366667,1,649.38343,326.238896,553.616743,329.762551,601.500087,328.000723,2.891826,1.207574,-1.821956,1.514799,0.534935,1.361187
4962,165.4,1,649.387035,326.1131,553.524246,329.683351,601.455641,327.898225,2.891497,1.234305,-1.828116,1.458941,0.53169,1.346623
4963,165.433333,1,649.296913,326.377206,553.632135,329.889581,601.464524,328.133394,2.899388,1.202298,-1.810412,1.504831,0.544488,1.353565
4964,165.466667,1,649.312592,326.015081,553.440475,329.679113,601.376534,327.847097,2.889657,1.259343,-1.834198,1.406126,0.527729,1.332734
